date,open,high,low,close,volume
2020-01-30 08:30:00,45.900001525878906,45.900001525878906,45.880001068115234,45.880001068115234,0.0
2020-01-30 08:31:00,45.880001068115234,45.880001068115234,45.880001068115234,45.880001068115234,934.0
2020-01-30 08:32:00,,,,,
2020-01-30 08:33:00,,,,,
2020-01-30 08:34:00,,,,,
2020-01-30 08:35:00,,,,,
2020-01-30 08:36:00,45.75,45.75,45.75,45.75,159.0
2020-01-30 08:37:00,45.7400016784668,45.7400016784668,45.720001220703125,45.720001220703125,534.0
2020-01-30 08:38:00,45.720001220703125,45.720001220703125,45.720001220703125,45.720001220703125,220.0
2020-01-30 08:39:00,45.720001220703125,45.720001220703125,45.720001220703125,45.720001220703125,305.0
2020-01-30 08:40:00,45.720001220703125,45.72999954223633,45.650001525878906,45.65999984741211,1865.0
2020-01-30 08:41:00,,,,,
2020-01-30 08:42:00,45.650001525878906,45.65999984741211,45.650001525878906,45.65999984741211,1212.0
2020-01-30 08:43:00,45.619998931884766,45.619998931884766,45.619998931884766,45.619998931884766,694.0
2020-01-30 08:44:00,45.630001068115234,45.63999938964844,45.630001068115234,45.630001068115234,1222.0
2020-01-30 08:45:00,45.630001068115234,45.630001068115234,45.630001068115234,45.630001068115234,460.0
2020-01-30 08:46:00,45.63999938964844,45.63999938964844,45.630001068115234,45.63999938964844,753.0
2020-01-30 08:47:00,45.63999938964844,45.779998779296875,45.630001068115234,45.7400016784668,1449.0
2020-01-30 08:48:00,,,,,
2020-01-30 08:49:00,45.709999084472656,45.709999084472656,45.709999084472656,45.709999084472656,608.0
2020-01-30 08:50:00,45.72999954223633,45.72999954223633,45.68000030517578,45.720001220703125,1210.0
2020-01-30 08:51:00,,,,,
2020-01-30 08:52:00,45.650001525878906,45.66999816894531,45.630001068115234,45.630001068115234,983.0
2020-01-30 08:53:00,45.630001068115234,45.790000915527344,45.630001068115234,45.779998779296875,3169.0
2020-01-30 08:54:00,45.70000076293945,45.70000076293945,45.68000030517578,45.689998626708984,1609.0
2020-01-30 08:55:00,45.65999984741211,45.65999984741211,45.65999984741211,45.65999984741211,100.0
2020-01-30 08:56:00,45.650001525878906,45.689998626708984,45.650001525878906,45.689998626708984,499847.0
2020-01-30 08:57:00,45.68000030517578,45.68000030517578,45.63999938964844,45.63999938964844,235.0
2020-01-30 08:58:00,,,,,
2020-01-30 08:59:00,45.689998626708984,45.70000076293945,45.61000061035156,45.650001525878906,2751.0
2020-01-30 09:00:00,45.65999984741211,45.65999984741211,45.65999984741211,45.65999984741211,101.0
2020-01-30 09:01:00,45.65999984741211,45.65999984741211,45.65999984741211,45.65999984741211,121.0
2020-01-30 09:02:00,45.66999816894531,45.68000030517578,45.66999816894531,45.66999816894531,6640.0
2020-01-30 09:03:00,45.66999816894531,45.66999816894531,45.66999816894531,45.66999816894531,983.0
2020-01-30 09:04:00,,,,,
2020-01-30 09:05:00,,,,,
2020-01-30 09:06:00,45.689998626708984,45.70000076293945,45.66999816894531,45.66999816894531,1244.0
2020-01-30 09:07:00,,,,,
2020-01-30 09:08:00,45.68000030517578,45.70000076293945,45.68000030517578,45.689998626708984,1187.0
2020-01-30 09:09:00,,,,,
2020-01-30 09:10:00,45.66999816894531,45.66999816894531,45.650001525878906,45.650001525878906,1577.0
2020-01-30 09:11:00,45.650001525878906,45.65999984741211,45.650001525878906,45.65999984741211,1633.0
2020-01-30 09:12:00,45.63999938964844,45.65999984741211,45.630001068115234,45.650001525878906,3924.0
2020-01-30 09:13:00,45.650001525878906,45.66999816894531,45.650001525878906,45.65999984741211,1798.0
2020-01-30 09:14:00,45.66999816894531,45.66999816894531,45.66999816894531,45.66999816894531,473.0
2020-01-30 09:15:00,45.689998626708984,45.70000076293945,45.689998626708984,45.689998626708984,2392.0
2020-01-30 09:16:00,45.70000076293945,45.70000076293945,45.70000076293945,45.70000076293945,3631.0
2020-01-30 09:17:00,45.70000076293945,45.70000076293945,45.689998626708984,45.70000076293945,363.0
2020-01-30 09:18:00,45.70000076293945,45.70000076293945,45.689998626708984,45.689998626708984,4929.0
2020-01-30 09:19:00,45.70000076293945,45.70000076293945,45.689998626708984,45.70000076293945,1700.0
2020-01-30 09:20:00,45.70000076293945,45.70000076293945,45.689998626708984,45.689998626708984,3202.0
2020-01-30 09:21:00,45.70000076293945,45.70000076293945,45.689998626708984,45.689998626708984,4698.0
2020-01-30 09:22:00,45.689998626708984,45.70000076293945,45.689998626708984,45.689998626708984,3100.0
2020-01-30 09:23:00,45.689998626708984,45.689998626708984,45.689998626708984,45.689998626708984,960.0
2020-01-30 09:24:00,45.70000076293945,45.70000076293945,45.70000076293945,45.70000076293945,3297.0
2020-01-30 09:25:00,45.70000076293945,45.70000076293945,45.689998626708984,45.689998626708984,562.0
2020-01-30 09:26:00,45.70000076293945,45.70000076293945,45.70000076293945,45.70000076293945,563.0
2020-01-30 09:27:00,45.70000076293945,45.70000076293945,45.689998626708984,45.70000076293945,666.0
2020-01-30 09:28:00,45.70000076293945,45.70000076293945,45.689998626708984,45.70000076293945,9301.0
2020-01-30 09:29:00,45.689998626708984,45.70000076293945,45.689998626708984,45.70000076293945,868.0
2020-01-30 09:30:00,45.689998626708984,45.689998626708984,45.68000030517578,45.68000030517578,9899.0
2020-01-30 09:31:00,45.689998626708984,45.689998626708984,45.66999816894531,45.66999816894531,3077.0
2020-01-30 09:32:00,45.650001525878906,45.650001525878906,45.61000061035156,45.61000061035156,5591.0
2020-01-30 09:33:00,45.61000061035156,45.61000061035156,45.61000061035156,45.61000061035156,2469.0
2020-01-30 09:34:00,45.61000061035156,45.61000061035156,45.59000015258789,45.59000015258789,2092.0
2020-01-30 09:35:00,45.5099983215332,45.54999923706055,45.5099983215332,45.5099983215332,5779.0
2020-01-30 09:36:00,45.5099983215332,45.529998779296875,45.5099983215332,45.5099983215332,1544.0
2020-01-30 09:37:00,45.560001373291016,45.560001373291016,45.54999923706055,45.54999923706055,1077.0
2020-01-30 09:38:00,45.54999923706055,45.560001373291016,45.54999923706055,45.54999923706055,1165.0
2020-01-30 09:39:00,45.54999923706055,45.58000183105469,45.54999923706055,45.58000183105469,1397.0
2020-01-30 09:40:00,45.59000015258789,45.59000015258789,45.59000015258789,45.59000015258789,360.0
2020-01-30 09:41:00,45.58000183105469,45.630001068115234,45.58000183105469,45.630001068115234,5405.0
2020-01-30 09:42:00,45.619998931884766,45.63999938964844,45.619998931884766,45.63999938964844,1831.0
2020-01-30 09:43:00,,,,,
2020-01-30 09:44:00,45.63999938964844,45.65999984741211,45.63999938964844,45.65999984741211,2049.0
2020-01-30 09:45:00,45.66999816894531,45.66999816894531,45.66999816894531,45.66999816894531,1232.0
2020-01-30 09:46:00,,,,,
2020-01-30 09:47:00,45.66999816894531,45.66999816894531,45.66999816894531,45.66999816894531,545.0
2020-01-30 09:48:00,45.68000030517578,45.68000030517578,45.68000030517578,45.68000030517578,230.0
2020-01-30 09:49:00,45.68000030517578,45.68000030517578,45.68000030517578,45.68000030517578,3104.0
2020-01-30 09:50:00,45.68000030517578,45.68000030517578,45.68000030517578,45.68000030517578,125.0
2020-01-30 09:51:00,45.68000030517578,45.689998626708984,45.68000030517578,45.689998626708984,7449.0
2020-01-30 09:52:00,45.70000076293945,45.709999084472656,45.70000076293945,45.709999084472656,15207.0
2020-01-30 09:53:00,45.709999084472656,45.7400016784668,45.709999084472656,45.7400016784668,2841.0
2020-01-30 09:54:00,,,,,
2020-01-30 09:55:00,45.75,45.7599983215332,45.75,45.7599983215332,1643.0
2020-01-30 09:56:00,45.75,45.75,45.72999954223633,45.75,8647.0
2020-01-30 09:57:00,45.75,45.75,45.75,45.75,199.0
2020-01-30 09:58:00,45.709999084472656,45.720001220703125,45.709999084472656,45.720001220703125,1128.0
2020-01-30 09:59:00,45.720001220703125,45.7400016784668,45.720001220703125,45.720001220703125,3145.0
2020-01-30 10:00:00,45.720001220703125,45.72999954223633,45.709999084472656,45.72999954223633,7191.0
2020-01-30 10:01:00,45.709999084472656,45.720001220703125,45.709999084472656,45.720001220703125,4066.0
2020-01-30 10:02:00,45.720001220703125,45.720001220703125,45.720001220703125,45.720001220703125,144.0
2020-01-30 10:03:00,45.720001220703125,45.720001220703125,45.709999084472656,45.709999084472656,1090.0
2020-01-30 10:04:00,45.720001220703125,45.720001220703125,45.709999084472656,45.720001220703125,2412.0
2020-01-30 10:05:00,45.720001220703125,45.720001220703125,45.709999084472656,45.720001220703125,1314.0
2020-01-30 10:06:00,45.709999084472656,45.720001220703125,45.709999084472656,45.720001220703125,933.0
2020-01-30 10:07:00,45.720001220703125,45.720001220703125,45.720001220703125,45.720001220703125,2815.0
2020-01-30 10:08:00,45.720001220703125,45.7599983215332,45.709999084472656,45.7599983215332,13448.0
2020-01-30 10:09:00,45.7599983215332,45.779998779296875,45.7599983215332,45.779998779296875,3363.0
2020-01-30 10:10:00,45.779998779296875,45.779998779296875,45.779998779296875,45.779998779296875,127.0
2020-01-30 10:11:00,45.779998779296875,45.779998779296875,45.779998779296875,45.779998779296875,601.0
2020-01-30 10:12:00,,,,,
2020-01-30 10:13:00,45.77000045776367,45.779998779296875,45.77000045776367,45.77000045776367,4244.0
2020-01-30 10:14:00,45.779998779296875,45.779998779296875,45.7599983215332,45.77000045776367,1621.0
2020-01-30 10:15:00,45.779998779296875,45.779998779296875,45.77000045776367,45.77000045776367,2224.0
2020-01-30 10:16:00,45.77000045776367,45.77000045776367,45.7599983215332,45.7599983215332,582.0
2020-01-30 10:17:00,45.7599983215332,45.7599983215332,45.7599983215332,45.7599983215332,161.0
2020-01-30 10:18:00,45.7599983215332,45.7599983215332,45.7599983215332,45.7599983215332,2025.0
2020-01-30 10:19:00,45.7599983215332,45.7599983215332,45.7599983215332,45.7599983215332,500.0
2020-01-30 10:20:00,45.75,45.7599983215332,45.75,45.75,12930.0
2020-01-30 10:21:00,45.7599983215332,45.779998779296875,45.75,45.779998779296875,9810.0
2020-01-30 10:22:00,45.790000915527344,45.810001373291016,45.790000915527344,45.810001373291016,528.0
2020-01-30 10:23:00,45.79999923706055,45.79999923706055,45.79999923706055,45.79999923706055,1193.0
2020-01-30 10:24:00,,,,,
2020-01-30 10:25:00,45.790000915527344,45.79999923706055,45.75,45.75,1020.0
2020-01-30 10:26:00,45.779998779296875,45.779998779296875,45.779998779296875,45.779998779296875,126.0
2020-01-30 10:27:00,45.779998779296875,45.779998779296875,45.779998779296875,45.779998779296875,102.0
2020-01-30 10:28:00,45.77000045776367,45.779998779296875,45.77000045776367,45.77000045776367,939.0
2020-01-30 10:29:00,45.779998779296875,45.779998779296875,45.77000045776367,45.77000045776367,429.0
2020-01-30 10:30:00,45.77000045776367,45.77000045776367,45.75,45.7599983215332,3211.0
2020-01-30 10:31:00,45.75,45.7599983215332,45.75,45.75,1737.0
2020-01-30 10:32:00,45.75,45.7599983215332,45.75,45.75,1900.0
2020-01-30 10:33:00,45.7599983215332,45.7599983215332,45.75,45.7599983215332,900.0
2020-01-30 10:34:00,45.7599983215332,45.779998779296875,45.7599983215332,45.7599983215332,7359.0
2020-01-30 10:35:00,45.75,45.7599983215332,45.75,45.75,1782.0
2020-01-30 10:36:00,45.7599983215332,45.7599983215332,45.7599983215332,45.7599983215332,5180.0
2020-01-30 10:37:00,45.7599983215332,45.7599983215332,45.7599983215332,45.7599983215332,535.0
2020-01-30 10:38:00,45.7599983215332,45.7599983215332,45.75,45.7599983215332,1259.0
2020-01-30 10:39:00,45.7599983215332,45.7599983215332,45.7599983215332,45.7599983215332,461.0
2020-01-30 10:40:00,45.7599983215332,45.7599983215332,45.75,45.7599983215332,1004.0
2020-01-30 10:41:00,45.7599983215332,45.7599983215332,45.75,45.75,944.0
2020-01-30 10:42:00,45.7599983215332,45.7599983215332,45.7599983215332,45.7599983215332,312.0
2020-01-30 10:43:00,,,,,
2020-01-30 10:44:00,45.75,45.7599983215332,45.75,45.75,18488.0
2020-01-30 10:45:00,45.7599983215332,45.7599983215332,45.7599983215332,45.7599983215332,354.0
2020-01-30 10:46:00,45.7599983215332,45.7599983215332,45.7599983215332,45.7599983215332,153.0
2020-01-30 10:47:00,45.75,45.7599983215332,45.75,45.75,100327.0
2020-01-30 10:48:00,45.7599983215332,45.7599983215332,45.7599983215332,45.7599983215332,331.0
2020-01-30 10:49:00,45.7599983215332,45.7599983215332,45.7599983215332,45.7599983215332,262.0
2020-01-30 10:50:00,45.75,45.75,45.75,45.75,3555.0
2020-01-30 10:51:00,45.75,45.7599983215332,45.75,45.7599983215332,9587.0
2020-01-30 10:52:00,45.75,45.7599983215332,45.75,45.75,2063.0
2020-01-30 10:53:00,45.75,45.7599983215332,45.75,45.75,1023.0
2020-01-30 10:54:00,45.75,45.7599983215332,45.75,45.7599983215332,1231.0
2020-01-30 10:55:00,45.75,45.7599983215332,45.75,45.7599983215332,329.0
2020-01-30 10:56:00,45.75,45.779998779296875,45.75,45.7599983215332,7255.0
2020-01-30 10:57:00,45.7599983215332,45.7599983215332,45.7599983215332,45.7599983215332,735.0
2020-01-30 10:58:00,45.77000045776367,45.77000045776367,45.7599983215332,45.77000045776367,6205.0
2020-01-30 10:59:00,45.7599983215332,45.779998779296875,45.7599983215332,45.779998779296875,3732.0
2020-01-30 11:00:00,45.77000045776367,45.77000045776367,45.7599983215332,45.7599983215332,2191.0
2020-01-30 11:01:00,,,,,
2020-01-30 11:02:00,,,,,
2020-01-30 11:03:00,45.77000045776367,45.779998779296875,45.77000045776367,45.77000045776367,5295.0
2020-01-30 11:04:00,45.779998779296875,45.779998779296875,45.779998779296875,45.779998779296875,344.0
2020-01-30 11:05:00,45.779998779296875,45.779998779296875,45.77000045776367,45.77000045776367,1226.0
2020-01-30 11:06:00,45.779998779296875,45.779998779296875,45.77000045776367,45.779998779296875,2230.0
2020-01-30 11:07:00,45.779998779296875,45.779998779296875,45.77000045776367,45.77000045776367,1367.0
2020-01-30 11:08:00,45.779998779296875,45.779998779296875,45.779998779296875,45.779998779296875,861.0
2020-01-30 11:09:00,45.77000045776367,45.779998779296875,45.77000045776367,45.779998779296875,1738.0
2020-01-30 11:10:00,45.779998779296875,45.779998779296875,45.77000045776367,45.77000045776367,917.0
2020-01-30 11:11:00,45.77000045776367,45.779998779296875,45.77000045776367,45.779998779296875,1529.0
2020-01-30 11:12:00,45.77000045776367,45.779998779296875,45.77000045776367,45.77000045776367,7929.0
2020-01-30 11:13:00,45.77000045776367,45.779998779296875,45.77000045776367,45.779998779296875,1409.0
2020-01-30 11:14:00,45.77000045776367,45.77000045776367,45.77000045776367,45.77000045776367,1877.0
2020-01-30 11:15:00,45.779998779296875,45.779998779296875,45.77000045776367,45.779998779296875,874.0
2020-01-30 11:16:00,45.77000045776367,45.77000045776367,45.77000045776367,45.77000045776367,1281.0
2020-01-30 11:17:00,45.77000045776367,45.77000045776367,45.7599983215332,45.7599983215332,8661.0
2020-01-30 11:18:00,45.77000045776367,45.77000045776367,45.7599983215332,45.7599983215332,1593.0
2020-01-30 11:19:00,45.77000045776367,45.779998779296875,45.77000045776367,45.77000045776367,3612.0
2020-01-30 11:20:00,45.77000045776367,45.77000045776367,45.77000045776367,45.77000045776367,1042.0
2020-01-30 11:21:00,45.77000045776367,45.77000045776367,45.77000045776367,45.77000045776367,2981.0
2020-01-30 11:22:00,45.779998779296875,45.779998779296875,45.7599983215332,45.7599983215332,2840.0
2020-01-30 11:23:00,45.7599983215332,45.7599983215332,45.7599983215332,45.7599983215332,100.0
2020-01-30 11:24:00,45.7599983215332,45.7599983215332,45.7599983215332,45.7599983215332,2494.0
2020-01-30 11:25:00,45.7599983215332,45.77000045776367,45.7599983215332,45.7599983215332,2717.0
2020-01-30 11:26:00,45.7599983215332,45.77000045776367,45.7599983215332,45.77000045776367,693.0
2020-01-30 11:27:00,45.7599983215332,45.7599983215332,45.7599983215332,45.7599983215332,1653.0
2020-01-30 11:28:00,45.7599983215332,45.77000045776367,45.7599983215332,45.7599983215332,8365.0
2020-01-30 11:29:00,45.7599983215332,45.7599983215332,45.7599983215332,45.7599983215332,3705.0
2020-01-30 11:30:00,45.77000045776367,45.77000045776367,45.7599983215332,45.7599983215332,1650.0
2020-01-30 11:31:00,,,,,
2020-01-30 11:32:00,45.77000045776367,45.77000045776367,45.77000045776367,45.77000045776367,1746.0
2020-01-30 11:33:00,45.77000045776367,45.779998779296875,45.7599983215332,45.7599983215332,2654.0
2020-01-30 11:34:00,45.77000045776367,45.77000045776367,45.77000045776367,45.77000045776367,712.0
2020-01-30 11:35:00,45.7599983215332,45.77000045776367,45.7599983215332,45.77000045776367,861.0
2020-01-30 11:36:00,,,,,
2020-01-30 11:37:00,45.7599983215332,45.7599983215332,45.75,45.75,10703.0
2020-01-30 11:38:00,45.75,45.75,45.75,45.75,2173.0
2020-01-30 11:39:00,45.7599983215332,45.7599983215332,45.75,45.75,7541.0
2020-01-30 11:40:00,45.75,45.75,45.75,45.75,3803.0
2020-01-30 11:41:00,45.75,45.7599983215332,45.75,45.75,7707.0
2020-01-30 11:42:00,45.75,45.75,45.75,45.75,393.0
2020-01-30 11:43:00,45.7599983215332,45.7599983215332,45.7599983215332,45.7599983215332,611.0
2020-01-30 11:44:00,45.75,45.75,45.75,45.75,434.0
2020-01-30 11:45:00,45.75,45.7599983215332,45.75,45.7599983215332,4966.0
2020-01-30 11:46:00,45.75,45.75,45.75,45.75,1666.0
2020-01-30 11:47:00,45.7599983215332,45.7599983215332,45.75,45.75,2279.0
2020-01-30 11:48:00,45.75,45.75,45.75,45.75,1802.0
2020-01-30 11:49:00,45.7599983215332,45.7599983215332,45.75,45.75,33392.0
2020-01-30 11:50:00,45.75,45.7599983215332,45.75,45.75,123472.0
2020-01-30 11:51:00,45.75,45.7599983215332,45.75,45.75,64895.0
2020-01-30 11:52:00,45.75,45.7599983215332,45.7400016784668,45.75,137842.0
2020-01-30 11:53:00,45.72999954223633,45.72999954223633,45.72999954223633,45.72999954223633,476.0
2020-01-30 11:54:00,45.72999954223633,45.7400016784668,45.72999954223633,45.7400016784668,817.0
2020-01-30 11:55:00,,,,,
2020-01-30 11:56:00,45.72999954223633,45.7400016784668,45.72999954223633,45.72999954223633,1103.0
2020-01-30 11:57:00,45.72999954223633,45.7400016784668,45.72999954223633,45.7400016784668,1044.0
2020-01-30 11:58:00,45.72999954223633,45.75,45.72999954223633,45.72999954223633,3663.0
2020-01-30 11:59:00,45.7400016784668,45.7400016784668,45.7400016784668,45.7400016784668,323.0
2020-01-30 12:00:00,45.7400016784668,45.7400016784668,45.7400016784668,45.7400016784668,202.0
2020-01-30 12:01:00,45.7400016784668,45.79999923706055,45.7400016784668,45.7599983215332,7062.0
2020-01-30 12:02:00,45.7400016784668,45.7400016784668,45.689998626708984,45.709999084472656,6259.0
2020-01-30 12:03:00,45.72999954223633,45.75,45.709999084472656,45.75,3944.0
2020-01-30 12:04:00,45.7400016784668,45.7400016784668,45.70000076293945,45.70000076293945,2098.0
2020-01-30 12:05:00,45.70000076293945,45.70000076293945,45.70000076293945,45.70000076293945,1266.0
2020-01-30 12:06:00,,,,,
2020-01-30 12:07:00,45.70000076293945,45.70000076293945,45.70000076293945,45.70000076293945,831.0
2020-01-30 12:08:00,45.650001525878906,45.70000076293945,45.650001525878906,45.70000076293945,358.0
2020-01-30 12:09:00,,,,,
2020-01-30 12:10:00,,,,,
2020-01-30 12:11:00,45.709999084472656,45.709999084472656,45.709999084472656,45.709999084472656,812.0
2020-01-30 12:12:00,45.709999084472656,45.709999084472656,45.70000076293945,45.709999084472656,730.0
2020-01-30 12:13:00,45.709999084472656,45.709999084472656,45.70000076293945,45.70000076293945,322.0
2020-01-30 12:14:00,45.70000076293945,45.70000076293945,45.70000076293945,45.70000076293945,333.0
2020-01-30 12:15:00,45.709999084472656,45.709999084472656,45.70000076293945,45.70000076293945,1280.0
2020-01-30 12:16:00,45.70000076293945,45.709999084472656,45.70000076293945,45.70000076293945,859.0
2020-01-30 12:17:00,45.70000076293945,45.70000076293945,45.70000076293945,45.70000076293945,462.0
2020-01-30 12:18:00,45.709999084472656,45.720001220703125,45.70000076293945,45.720001220703125,3891.0
2020-01-30 12:19:00,45.709999084472656,45.75,45.709999084472656,45.75,88143.0
2020-01-30 12:20:00,45.7599983215332,45.7599983215332,45.75,45.75,1230.0
2020-01-30 12:21:00,45.77000045776367,45.77000045776367,45.75,45.7599983215332,5445.0
2020-01-30 12:22:00,45.7599983215332,45.79999923706055,45.7599983215332,45.790000915527344,3019.0
2020-01-30 12:23:00,45.810001373291016,45.810001373291016,45.79999923706055,45.79999923706055,1462.0
2020-01-30 12:24:00,45.810001373291016,45.810001373291016,45.810001373291016,45.810001373291016,768.0
2020-01-30 12:25:00,45.81999969482422,45.81999969482422,45.81999969482422,45.81999969482422,1089.0
2020-01-30 12:26:00,45.810001373291016,45.81999969482422,45.79999923706055,45.81999969482422,1615.0
2020-01-30 12:27:00,45.81999969482422,45.849998474121094,45.81999969482422,45.849998474121094,3420.0
2020-01-30 12:28:00,45.849998474121094,45.849998474121094,45.849998474121094,45.849998474121094,871.0
2020-01-30 12:29:00,45.86000061035156,45.880001068115234,45.86000061035156,45.869998931884766,1841.0
2020-01-30 12:30:00,45.86000061035156,45.869998931884766,45.86000061035156,45.869998931884766,1353.0
2020-01-30 12:31:00,45.880001068115234,45.880001068115234,45.869998931884766,45.869998931884766,1506.0
2020-01-30 12:32:00,45.880001068115234,45.880001068115234,45.880001068115234,45.880001068115234,1188.0
2020-01-30 12:33:00,45.880001068115234,45.880001068115234,45.869998931884766,45.880001068115234,2264.0
2020-01-30 12:34:00,45.880001068115234,45.880001068115234,45.880001068115234,45.880001068115234,3115.0
2020-01-30 12:35:00,45.880001068115234,45.91999816894531,45.880001068115234,45.91999816894531,2716.0
2020-01-30 12:36:00,45.95000076293945,45.970001220703125,45.95000076293945,45.95000076293945,10524.0
2020-01-30 12:37:00,45.939998626708984,45.959999084472656,45.939998626708984,45.959999084472656,738.0
2020-01-30 12:38:00,45.95000076293945,45.970001220703125,45.95000076293945,45.970001220703125,986.0
2020-01-30 12:39:00,45.959999084472656,45.959999084472656,45.959999084472656,45.959999084472656,453.0
2020-01-30 12:40:00,45.970001220703125,45.970001220703125,45.970001220703125,45.970001220703125,799.0
2020-01-30 12:41:00,45.959999084472656,45.970001220703125,45.959999084472656,45.970001220703125,3631.0
2020-01-30 12:42:00,45.970001220703125,45.97999954223633,45.970001220703125,45.97999954223633,5299.0
2020-01-30 12:43:00,45.97999954223633,45.9900016784668,45.97999954223633,45.9900016784668,3351.0
2020-01-30 12:44:00,45.9900016784668,45.9900016784668,45.9900016784668,45.9900016784668,3816.0
2020-01-30 12:45:00,45.97999954223633,46.0099983215332,45.97999954223633,46.0099983215332,960.0
2020-01-30 12:46:00,46.0099983215332,46.0099983215332,45.939998626708984,45.939998626708984,10059.0
2020-01-30 12:47:00,45.939998626708984,45.95000076293945,45.939998626708984,45.95000076293945,2760.0
2020-01-30 12:48:00,45.939998626708984,45.939998626708984,45.939998626708984,45.939998626708984,545.0
2020-01-30 12:49:00,45.95000076293945,45.95000076293945,45.939998626708984,45.939998626708984,2742.0
2020-01-30 12:50:00,45.95000076293945,45.95000076293945,45.939998626708984,45.939998626708984,2718.0
2020-01-30 12:51:00,45.95000076293945,45.95000076293945,45.939998626708984,45.939998626708984,3558.0
2020-01-30 12:52:00,45.95000076293945,45.95000076293945,45.939998626708984,45.939998626708984,985.0
2020-01-30 12:53:00,,,,,
2020-01-30 12:54:00,45.95000076293945,45.95000076293945,45.939998626708984,45.95000076293945,2996.0
2020-01-30 12:55:00,45.939998626708984,45.939998626708984,45.900001525878906,45.90999984741211,8792.0
2020-01-30 12:56:00,45.900001525878906,45.90999984741211,45.900001525878906,45.90999984741211,1313.0
2020-01-30 12:57:00,45.88999938964844,45.88999938964844,45.869998931884766,45.869998931884766,1468.0
2020-01-30 12:58:00,45.869998931884766,45.869998931884766,45.84000015258789,45.849998474121094,2539.0
2020-01-30 12:59:00,45.79999923706055,45.83000183105469,45.79999923706055,45.79999923706055,2699.0
2020-01-30 13:00:00,45.79999923706055,45.83000183105469,45.79999923706055,45.83000183105469,2423.0
2020-01-30 13:01:00,45.81999969482422,45.83000183105469,45.81999969482422,45.81999969482422,965.0
2020-01-30 13:02:00,45.810001373291016,45.810001373291016,45.79999923706055,45.79999923706055,2676.0
2020-01-30 13:03:00,45.77000045776367,45.77000045776367,45.7599983215332,45.7599983215332,658.0
2020-01-30 13:04:00,45.75,45.77000045776367,45.75,45.75,3489.0
2020-01-30 13:05:00,45.7599983215332,45.779998779296875,45.7599983215332,45.779998779296875,775.0
2020-01-30 13:06:00,45.779998779296875,45.79999923706055,45.77000045776367,45.779998779296875,16204.0
2020-01-30 13:07:00,45.779998779296875,45.790000915527344,45.779998779296875,45.790000915527344,669.0
2020-01-30 13:08:00,45.779998779296875,45.790000915527344,45.779998779296875,45.779998779296875,2231.0
2020-01-30 13:09:00,45.790000915527344,45.79999923706055,45.790000915527344,45.79999923706055,1393.0
2020-01-30 13:10:00,45.79999923706055,45.810001373291016,45.79999923706055,45.79999923706055,1666.0
2020-01-30 13:11:00,45.810001373291016,45.81999969482422,45.810001373291016,45.81999969482422,2416.0
2020-01-30 13:12:00,45.83000183105469,45.83000183105469,45.810001373291016,45.81999969482422,2181.0
2020-01-30 13:13:00,45.810001373291016,45.83000183105469,45.810001373291016,45.83000183105469,1316.0
2020-01-30 13:14:00,45.83000183105469,45.849998474121094,45.81999969482422,45.81999969482422,1461.0
2020-01-30 13:15:00,45.81999969482422,45.84000015258789,45.81999969482422,45.84000015258789,3393.0
2020-01-30 13:16:00,45.83000183105469,45.849998474121094,45.83000183105469,45.84000015258789,1093.0
2020-01-30 13:17:00,45.81999969482422,45.84000015258789,45.79999923706055,45.79999923706055,14885.0
2020-01-30 13:18:00,45.810001373291016,45.81999969482422,45.7599983215332,45.7599983215332,23445.0
2020-01-30 13:19:00,45.7599983215332,45.7599983215332,45.75,45.75,10000.0
2020-01-30 13:20:00,45.75,45.81999969482422,45.75,45.779998779296875,502516.0
2020-01-30 13:21:00,45.81999969482422,45.81999969482422,45.81999969482422,45.81999969482422,2175.0
2020-01-30 13:22:00,45.810001373291016,45.81999969482422,45.790000915527344,45.790000915527344,1965.0
2020-01-30 13:23:00,45.810001373291016,45.81999969482422,45.810001373291016,45.810001373291016,1435.0
2020-01-30 13:24:00,45.81999969482422,45.81999969482422,45.810001373291016,45.810001373291016,1982.0
2020-01-30 13:25:00,45.81999969482422,45.81999969482422,45.810001373291016,45.81999969482422,2701.0
2020-01-30 13:26:00,45.81999969482422,45.81999969482422,45.81999969482422,45.81999969482422,848.0
2020-01-30 13:27:00,45.81999969482422,45.81999969482422,45.810001373291016,45.810001373291016,2006.0
2020-01-30 13:28:00,45.810001373291016,45.81999969482422,45.79999923706055,45.79999923706055,5304.0
2020-01-30 13:29:00,45.790000915527344,45.79999923706055,45.77000045776367,45.77000045776367,10081.0
2020-01-30 13:30:00,45.77000045776367,45.79999923706055,45.77000045776367,45.79999923706055,3162.0
2020-01-30 13:31:00,45.79999923706055,45.810001373291016,45.779998779296875,45.790000915527344,5372.0
2020-01-30 13:32:00,45.790000915527344,45.79999923706055,45.790000915527344,45.790000915527344,4958.0
2020-01-30 13:33:00,45.790000915527344,45.79999923706055,45.779998779296875,45.779998779296875,5009.0
2020-01-30 13:34:00,45.77000045776367,45.77000045776367,45.77000045776367,45.77000045776367,911.0
2020-01-30 13:35:00,45.790000915527344,45.79999923706055,45.790000915527344,45.790000915527344,8959.0
2020-01-30 13:36:00,45.790000915527344,45.79999923706055,45.790000915527344,45.79999923706055,1676.0
2020-01-30 13:37:00,45.790000915527344,45.79999923706055,45.779998779296875,45.79999923706055,3487.0
2020-01-30 13:38:00,45.79999923706055,45.79999923706055,45.790000915527344,45.790000915527344,1423.0
2020-01-30 13:39:00,45.790000915527344,45.79999923706055,45.779998779296875,45.779998779296875,4188.0
2020-01-30 13:40:00,45.790000915527344,45.790000915527344,45.779998779296875,45.779998779296875,2700.0
2020-01-30 13:41:00,45.7599983215332,45.77000045776367,45.7599983215332,45.7599983215332,2329.0
2020-01-30 13:42:00,45.77000045776367,45.790000915527344,45.7599983215332,45.77000045776367,3896.0
2020-01-30 13:43:00,45.779998779296875,45.779998779296875,45.75,45.75,4595.0
2020-01-30 13:44:00,45.779998779296875,45.779998779296875,45.75,45.75,573.0
2020-01-30 13:45:00,45.7599983215332,45.790000915527344,45.7599983215332,45.779998779296875,1550.0
2020-01-30 13:46:00,45.77000045776367,45.779998779296875,45.77000045776367,45.77000045776367,1816.0
2020-01-30 13:47:00,45.77000045776367,45.77000045776367,45.7599983215332,45.77000045776367,1588.0
2020-01-30 13:48:00,45.7599983215332,45.779998779296875,45.7599983215332,45.779998779296875,1635.0
2020-01-30 13:49:00,45.779998779296875,45.79999923706055,45.779998779296875,45.79999923706055,3124.0
2020-01-30 13:50:00,45.790000915527344,45.79999923706055,45.790000915527344,45.79999923706055,2259.0
2020-01-30 13:51:00,,,,,
2020-01-30 13:52:00,45.790000915527344,45.810001373291016,45.790000915527344,45.79999923706055,8985.0
2020-01-30 13:53:00,45.79999923706055,45.79999923706055,45.75,45.75,5014.0
2020-01-30 13:54:00,45.779998779296875,45.779998779296875,45.779998779296875,45.779998779296875,1017.0
2020-01-30 13:55:00,45.77000045776367,45.790000915527344,45.7599983215332,45.7599983215332,3603.0
2020-01-30 13:56:00,45.75,45.779998779296875,45.75,45.7599983215332,3441.0
2020-01-30 13:57:00,45.7599983215332,45.77000045776367,45.7599983215332,45.77000045776367,1140.0
2020-01-30 13:58:00,45.779998779296875,45.779998779296875,45.779998779296875,45.779998779296875,1858.0
2020-01-30 13:59:00,45.779998779296875,45.790000915527344,45.779998779296875,45.790000915527344,728.0
2020-01-30 14:00:00,45.790000915527344,45.790000915527344,45.75,45.779998779296875,87781.0
2020-01-30 14:01:00,45.779998779296875,45.779998779296875,45.779998779296875,45.779998779296875,1289.0
2020-01-30 14:02:00,45.77000045776367,45.779998779296875,45.7599983215332,45.77000045776367,3200.0
2020-01-30 14:03:00,45.77000045776367,45.779998779296875,45.77000045776367,45.779998779296875,1598.0
2020-01-30 14:04:00,45.779998779296875,45.79999923706055,45.779998779296875,45.790000915527344,5266.0
2020-01-30 14:05:00,45.790000915527344,45.790000915527344,45.779998779296875,45.779998779296875,1221.0
2020-01-30 14:06:00,45.779998779296875,45.779998779296875,45.7599983215332,45.77000045776367,2805.0
2020-01-30 14:07:00,45.75,45.75,45.75,45.75,868.0
2020-01-30 14:08:00,45.7599983215332,45.779998779296875,45.7599983215332,45.7599983215332,3177.0
2020-01-30 14:09:00,45.7599983215332,45.7599983215332,45.75,45.7599983215332,1322.0
2020-01-30 14:10:00,45.75,45.7599983215332,45.75,45.7599983215332,2161.0
2020-01-30 14:11:00,45.75,45.7599983215332,45.75,45.7599983215332,1413.0
2020-01-30 14:12:00,45.7599983215332,45.7599983215332,45.75,45.75,1671.0
2020-01-30 14:13:00,45.7599983215332,45.7599983215332,45.75,45.75,96148.0
2020-01-30 14:14:00,45.75,45.75,45.75,45.75,4442.0
2020-01-30 14:15:00,45.7599983215332,45.7599983215332,45.7400016784668,45.7400016784668,2396.0
2020-01-30 14:16:00,45.75,45.75,45.75,45.75,1580.0
2020-01-30 14:17:00,45.75,45.75,45.75,45.75,1931.0
2020-01-30 14:18:00,45.75,45.77000045776367,45.75,45.77000045776367,2944.0
2020-01-30 14:19:00,45.779998779296875,45.779998779296875,45.779998779296875,45.779998779296875,702.0
2020-01-30 14:20:00,45.77000045776367,45.79999923706055,45.77000045776367,45.79999923706055,3049.0
2020-01-30 14:21:00,45.79999923706055,45.810001373291016,45.790000915527344,45.79999923706055,5047.0
2020-01-30 14:22:00,45.790000915527344,45.790000915527344,45.75,45.75,4788.0
2020-01-30 14:23:00,45.77000045776367,45.77000045776367,45.75,45.75,2017.0
2020-01-30 14:24:00,45.75,45.77000045776367,45.75,45.77000045776367,1779.0
2020-01-30 14:25:00,45.77000045776367,45.779998779296875,45.7599983215332,45.7599983215332,5444.0
2020-01-30 14:26:00,45.77000045776367,45.79999923706055,45.77000045776367,45.790000915527344,1725.0
2020-01-30 14:27:00,45.79999923706055,45.79999923706055,45.77000045776367,45.77000045776367,10556.0
2020-01-30 14:28:00,45.779998779296875,45.779998779296875,45.77000045776367,45.779998779296875,2023.0
2020-01-30 14:29:00,45.77000045776367,45.77000045776367,45.75,45.75,26596.0
2020-01-30 14:30:00,45.75,45.75,45.75,45.75,5126.0
2020-01-30 14:31:00,45.75,45.75,45.75,45.75,6403.0
2020-01-30 14:32:00,45.7599983215332,45.79999923706055,45.75,45.75,15271.0
2020-01-30 14:33:00,45.75,45.75,45.75,45.75,5679.0
2020-01-30 14:34:00,45.75,45.75,45.75,45.75,1909.0
2020-01-30 14:35:00,45.790000915527344,45.79999923706055,45.75,45.7599983215332,10935.0
2020-01-30 14:36:00,45.75,45.7599983215332,45.7400016784668,45.75,30839.0
2020-01-30 14:37:00,45.75,45.75,45.75,45.75,1043.0
2020-01-30 14:38:00,45.75,45.75,45.75,45.75,1238.0
2020-01-30 14:39:00,45.75,45.75,45.75,45.75,1383.0
2020-01-30 14:40:00,45.75,45.75,45.7400016784668,45.7400016784668,1978.0
2020-01-30 14:41:00,45.75,45.75,45.75,45.75,2487.0
2020-01-30 14:42:00,45.75,45.779998779296875,45.75,45.75,17101.0
2020-01-30 14:43:00,45.75,45.75,45.7400016784668,45.7400016784668,904.0
2020-01-30 14:44:00,45.75,45.75,45.75,45.75,3742.0
2020-01-30 14:45:00,45.75,45.790000915527344,45.75,45.75,33043.0
2020-01-30 14:46:00,45.77000045776367,45.790000915527344,45.7400016784668,45.7400016784668,21530.0
2020-01-30 14:47:00,45.779998779296875,45.790000915527344,45.7400016784668,45.75,5085.0
2020-01-30 14:48:00,45.75,45.7599983215332,45.75,45.7599983215332,6725.0
2020-01-30 14:49:00,45.75,45.79999923706055,45.7400016784668,45.790000915527344,6378.0
2020-01-30 14:50:00,45.79999923706055,45.79999923706055,45.75,45.75,6365.0
2020-01-30 14:51:00,45.75,45.790000915527344,45.7400016784668,45.779998779296875,12578.0
2020-01-30 14:52:00,45.779998779296875,45.79999923706055,45.75,45.79999923706055,6876.0
2020-01-30 14:53:00,45.79999923706055,45.79999923706055,45.7400016784668,45.75,3035.0
2020-01-30 14:54:00,45.75,45.75,45.7400016784668,45.75,3345.0
2020-01-30 14:55:00,45.75,45.79999923706055,45.7400016784668,45.75,27074.0
2020-01-30 14:56:00,45.75,45.75,45.7400016784668,45.75,4003.0
2020-01-30 14:57:00,45.75,45.75,45.75,45.75,5344.0
2020-01-30 14:58:00,45.75,45.880001068115234,45.7400016784668,45.7599983215332,15919.0
2020-01-30 14:59:00,45.779998779296875,45.79999923706055,45.7400016784668,45.7599983215332,5402.0
